{
    "total_trips": 16.545356,
    "document_size": 7.457986757159233,
    "avg_distance": 4.877275232881058,
    "avg_time": 1168.7550733269202,
    "company_count": 3
}